{"cameraMode":{"drawMode":0,"name":"Shaded","section":"Shading Mode"},"sceneLighting":true,"audioPlay":false,"sceneViewState":{"showFog":true,"showMaterialUpdate":false,"showSkybox":true,"showFlares":true,"showImageEffects":true,"showParticleSystems":true},"in2DMode":false,"pivot":{"x":0.531486451625824,"y":0.8813490867614746,"z":-1.5481518507003785},"rotation":{"x":-0.08859997987747193,"y":-0.04570987820625305,"z":0.004065580666065216,"w":-0.9950283765792847},"size":22.227327346801759,"orthographic":false}